{
  "part_a_settlement": {
    "T+6 (CNS)": {
      "elevated_pct": 0.8636363636363636,
      "respike_pct": 0.5454545454545454,
      "avg_ftd": 688387.0909090909,
      "avg_5d_ret": 0.45566757637186406
    },
    "T+13 (Reg SHO)": {
      "elevated_pct": 0.7045454545454546,
      "respike_pct": 0.4318181818181818,
      "avg_ftd": 526791.6136363636,
      "avg_5d_ret": 0.1088404453206612
    },
    "T+21 (Legacy)": {
      "elevated_pct": 0.6590909090909091,
      "respike_pct": 0.3409090909090909,
      "avg_ftd": 457682.1818181818,
      "avg_5d_ret": 0.7292197261973024
    },
    "T+33 (Re-FTD)": {
      "elevated_pct": 0.7045454545454546,
      "respike_pct": 0.25,
      "avg_ftd": 535739.5681818182,
      "avg_5d_ret": 0.7769180411219169
    },
    "T+35 (SEC Rule)": {
      "elevated_pct": 0.6590909090909091,
      "respike_pct": 0.20454545454545456,
      "avg_ftd": 500466.8409090909,
      "avg_5d_ret": 0.6213478631166558
    }
  },
  "part_a_paired": {
    "both": 22,
    "t13_only": 9,
    "t33_only": 9,
    "neither": 4
  },
  "part_b_storm": {
    "0": {
      "n": 276,
      "mean_5d": -0.006693848813472647,
      "mean_10d": 0.013085795303334775,
      "mean_20d": 0.03181116719863505,
      "pct_positive": 0.34191176470588236
    },
    "1": {
      "n": 625,
      "mean_5d": 0.013369467513558869,
      "mean_10d": 0.01770363700814039,
      "mean_20d": 0.022434098652602787,
      "pct_positive": 0.42696629213483145
    },
    "2": {
      "n": 343,
      "mean_5d": 0.03698478437120624,
      "mean_10d": 0.0959999217120055,
      "mean_20d": 0.12134955971795412,
      "pct_positive": 0.45722713864306785
    },
    "3": {
      "n": 80,
      "mean_5d": 0.27089382701741704,
      "mean_10d": 0.41978522286637165,
      "mean_20d": 0.39361175471173526,
      "pct_positive": 0.6962025316455697
    },
    "4": {
      "n": 2,
      "mean_5d": 0.018049036054626932,
      "mean_10d": -0.04623412525028553,
      "mean_20d": 0.08065211688680785,
      "pct_positive": 0.0
    }
  },
  "part_c_volatility": {
    "echo_vol_mean": 140.32759077751854,
    "non_echo_vol_mean": 71.3637370541632,
    "ratio": 1.9663711090551999,
    "p_value": 4.504481774297763e-07
  },
  "part_d_optimal_window": {
    "best_day": 33,
    "best_hit": 0.6363636363636364
  }
}