{
  "correlations": {
    "GME": {
      "GME": 1.0,
      "XRT": -0.00494375992875984,
      "IJH": -0.016141202530723698,
      "IWM": 0.0016621923708304248,
      "AMC": 0.12390875987019598,
      "KOSS": 0.05132407715486699
    },
    "XRT": {
      "GME": -0.00494375992875984,
      "XRT": 1.0,
      "IJH": 0.016225149855808252,
      "IWM": 0.043138707424033515,
      "AMC": -0.011881599445036549,
      "KOSS": 0.06671766379175824
    },
    "IJH": {
      "GME": -0.016141202530723698,
      "XRT": 0.016225149855808252,
      "IJH": 1.0,
      "IWM": 0.015335341063445801,
      "AMC": -0.030940505833524617,
      "KOSS": -0.010823223805495337
    },
    "IWM": {
      "GME": 0.0016621923708304248,
      "XRT": 0.043138707424033515,
      "IJH": 0.015335341063445801,
      "IWM": 1.0,
      "AMC": -0.0027338107977312467,
      "KOSS": -0.03058407125928145
    },
    "AMC": {
      "GME": 0.12390875987019598,
      "XRT": -0.011881599445036549,
      "IJH": -0.030940505833524617,
      "IWM": -0.0027338107977312467,
      "AMC": 1.0,
      "KOSS": -0.015708974903910926
    },
    "KOSS": {
      "GME": 0.05132407715486699,
      "XRT": 0.06671766379175824,
      "IJH": -0.010823223805495337,
      "IWM": -0.03058407125928145,
      "AMC": -0.015708974903910926,
      "KOSS": 1.0
    }
  },
  "lead_lag": {
    "XRT\u2192GME": {
      "best_lag": -10,
      "best_correlation": 0.0024002598668064336,
      "all_correlations": {
        "-10": 0.0024002598668064336,
        "-9": 0.001520342144925678,
        "-8": 0.0005093113334433485,
        "-7": -0.00010579058746456543,
        "-6": -0.0012802814302635902,
        "-5": -0.002000044972468314,
        "-4": -0.003325706208851884,
        "-3": -0.004160240954085702,
        "-2": -0.004885964555168372,
        "-1": -0.005085490308581495,
        "0": -0.004943759928759876,
        "1": -0.005085490308581495,
        "2": -0.004885964555168372,
        "3": -0.004160240954085702,
        "4": -0.003325706208851884,
        "5": -0.002000044972468314,
        "6": -0.0012802814302635902,
        "7": -0.00010579058746456543,
        "8": 0.0005093113334433485,
        "9": 0.001520342144925678,
        "10": 0.0024002598668064336
      }
    },
    "IJH\u2192GME": {
      "best_lag": -3,
      "best_correlation": -0.015872474210043917,
      "all_correlations": {
        "-10": -0.024399166780845638,
        "-9": -0.0247621598834318,
        "-8": -0.02515947194537273,
        "-7": -0.02550475523452138,
        "-6": -0.02601337940799364,
        "-5": -0.02668629796822681,
        "-4": -0.02724015745125162,
        "-3": -0.015872474210043917,
        "-2": -0.016121114613652253,
        "-1": -0.016194812431210383,
        "0": -0.01614120253072368,
        "1": -0.016194812431210383,
        "2": -0.016121114613652253,
        "3": -0.015872474210043917,
        "4": -0.02724015745125162,
        "5": -0.02668629796822681,
        "6": -0.02601337940799364,
        "7": -0.02550475523452138,
        "8": -0.02515947194537273,
        "9": -0.0247621598834318,
        "10": -0.024399166780845638
      }
    },
    "IWM\u2192GME": {
      "best_lag": -10,
      "best_correlation": 0.00841049351973699,
      "all_correlations": {
        "-10": 0.00841049351973699,
        "-9": 0.00771455193051182,
        "-8": 0.006777106038736889,
        "-7": 0.006114208207360401,
        "-6": 0.005041150736726132,
        "-5": 0.00439485839496094,
        "-4": 0.0035375273259160424,
        "-3": 0.0023906890484596886,
        "-2": 0.0017333115572345848,
        "-1": 0.001529238082763435,
        "0": 0.0016621923708304374,
        "1": 0.001529238082763435,
        "2": 0.0017333115572345848,
        "3": 0.0023906890484596886,
        "4": 0.0035375273259160424,
        "5": 0.00439485839496094,
        "6": 0.005041150736726132,
        "7": 0.006114208207360401,
        "8": 0.006777106038736889,
        "9": 0.00771455193051182,
        "10": 0.00841049351973699
      }
    },
    "AMC\u2192GME": {
      "best_lag": -4,
      "best_correlation": 0.12568083849186254,
      "all_correlations": {
        "-10": 0.12204782998988335,
        "-9": 0.12083986989029523,
        "-8": 0.11946742684102939,
        "-7": 0.11878204883215061,
        "-6": 0.1171942801984525,
        "-5": 0.12345723778682792,
        "-4": 0.12568083849186254,
        "-3": 0.12393199336631587,
        "-2": 0.12400264619691334,
        "-1": 0.12381162477836119,
        "0": 0.12390875987019614,
        "1": 0.12381162477836119,
        "2": 0.12400264619691334,
        "3": 0.12393199336631587,
        "4": 0.12568083849186254,
        "5": 0.12345723778682792,
        "6": 0.1171942801984525,
        "7": 0.11878204883215061,
        "8": 0.11946742684102939,
        "9": 0.12083986989029523,
        "10": 0.12204782998988335
      }
    },
    "KOSS\u2192GME": {
      "best_lag": -10,
      "best_correlation": 0.053242719462875926,
      "all_correlations": {
        "-10": 0.053242719462875926,
        "-9": 0.052515015580408164,
        "-8": 0.05169122612278081,
        "-7": 0.05123249706933398,
        "-6": 0.05024622621298822,
        "-5": 0.04964145473089098,
        "-4": 0.04850532307592877,
        "-3": 0.04750697403607856,
        "-2": 0.050323511714970466,
        "-1": 0.05124616602631308,
        "0": 0.05132407715486688,
        "1": 0.05124616602631308,
        "2": 0.050323511714970466,
        "3": 0.04750697403607856,
        "4": 0.04850532307592877,
        "5": 0.04964145473089098,
        "6": 0.05024622621298822,
        "7": 0.05123249706933398,
        "8": 0.05169122612278081,
        "9": 0.052515015580408164,
        "10": 0.053242719462875926
      }
    }
  },
  "predictive": {
    "GME": {
      "corr_5d_fwd": 0.28363594075427395,
      "corr_10d_fwd": 0.2065945800645053
    },
    "XRT": {
      "corr_5d_fwd": -0.05998634261478288,
      "corr_10d_fwd": -0.07214735538678484
    },
    "IJH": {
      "corr_5d_fwd": -0.03458524851184014,
      "corr_10d_fwd": -0.04360078514192309
    },
    "IWM": {
      "corr_5d_fwd": -0.005978776802596435,
      "corr_10d_fwd": -0.007142709378264054
    },
    "AMC": {
      "corr_5d_fwd": 0.03039011747235955,
      "corr_10d_fwd": -0.013062333471374053
    },
    "KOSS": {
      "corr_5d_fwd": -0.06878757526915813,
      "corr_10d_fwd": -0.04264599489988412
    }
  }
}