{
  "part_a_echo_vs_nonecho": {
    "Deep OTM (<30%)": {
      "echo": 120114.71428571429,
      "non_echo": 25243.746898263027,
      "ratio": 4.758196743526182
    },
    "Far OTM (30-50%)": {
      "echo": 55509.71428571428,
      "non_echo": 17984.957816377173,
      "ratio": 3.0864522926579743
    },
    "OTM (50-80%)": {
      "echo": 81033.38095238095,
      "non_echo": 43878.27791563275,
      "ratio": 1.8467766922892557
    },
    "ATM (80-120%)": {
      "echo": 87704.28571428571,
      "non_echo": 57585.506203473946,
      "ratio": 1.5230270860933197
    },
    "Total Put OI": {
      "echo": 524225.8095238095,
      "non_echo": 247819.88337468982,
      "ratio": 2.1153500775852168
    },
    "Deep OTM % of Total": {
      "echo": 0.13843320597529035,
      "non_echo": 0.07975997504095801,
      "ratio": 1.7356224836354663
    },
    "Near-expiry Deep OTM": {
      "echo": 51382.23809523809,
      "non_echo": 4769.645161290323,
      "ratio": 10.772759053912043
    },
    "deep_otm_p": 6.5387587886843e-07
  },
  "part_b_top_strikes": {
    "$0.5": {
      "total_oi": 2673525,
      "echo_oi": 367194,
      "non_echo_oi": 2306331
    },
    "$1.0": {
      "total_oi": 1788919,
      "echo_oi": 217991,
      "non_echo_oi": 1570928
    },
    "$2.5": {
      "total_oi": 1613524,
      "echo_oi": 139666,
      "non_echo_oi": 1473858
    },
    "$3.0": {
      "total_oi": 1173900,
      "echo_oi": 215771,
      "non_echo_oi": 958129
    },
    "$5.0": {
      "total_oi": 1105638,
      "echo_oi": 207645,
      "non_echo_oi": 897993
    },
    "$0.2": {
      "total_oi": 842364,
      "echo_oi": 0,
      "non_echo_oi": 842364
    },
    "$10.0": {
      "total_oi": 478175,
      "echo_oi": 233658,
      "non_echo_oi": 244517
    },
    "$3.8": {
      "total_oi": 268668,
      "echo_oi": 9532,
      "non_echo_oi": 259136
    },
    "$0.8": {
      "total_oi": 268116,
      "echo_oi": 0,
      "non_echo_oi": 268116
    },
    "$2.0": {
      "total_oi": 250749,
      "echo_oi": 142519,
      "non_echo_oi": 108230
    },
    "$7.0": {
      "total_oi": 231575,
      "echo_oi": 58361,
      "non_echo_oi": 173214
    },
    "$6.0": {
      "total_oi": 227121,
      "echo_oi": 80714,
      "non_echo_oi": 146407
    },
    "$20.0": {
      "total_oi": 223644,
      "echo_oi": 223644,
      "non_echo_oi": 0
    },
    "$8.0": {
      "total_oi": 163946,
      "echo_oi": 26920,
      "non_echo_oi": 137026
    },
    "$1.2": {
      "total_oi": 160791,
      "echo_oi": 0,
      "non_echo_oi": 160791
    }
  },
  "part_c_buildup": {
    "events": 10,
    "buildup_rate": 0.9,
    "avg_change": 2.9727061636352863
  },
  "part_d_phantom": {
    "total_events": 129,
    "in_echo": 65
  },
  "part_e_dte_profile": {
    "<7d": {
      "echo": 2180.175,
      "non_echo": 914.1410488245931,
      "ratio": 2.384943770770692
    },
    "7-14d": {
      "echo": 1443.6935483870968,
      "non_echo": 1007.0507399577167,
      "ratio": 1.4335857083504189
    },
    "14-30d": {
      "echo": 2058.0725190839694,
      "non_echo": 998.2108843537414,
      "ratio": 2.0617612483923176
    },
    "30-60d": {
      "echo": 1733.4795321637428,
      "non_echo": 1370.4949238578681,
      "ratio": 1.2648565871985085
    },
    "60-90d": {
      "echo": 2599.310606060606,
      "non_echo": 6010.012455516015,
      "ratio": 0.4324967086673752
    },
    "90-180d": {
      "echo": 1452.296511627907,
      "non_echo": 1506.8818359375,
      "ratio": 0.9637759756552955
    },
    "180-365d": {
      "echo": 2097.52688172043,
      "non_echo": 855.1934798015592,
      "ratio": 2.4526927897148427
    },
    ">365d": {
      "echo": 1639.13,
      "non_echo": 799.8168582375479,
      "ratio": 2.0493816592112566
    }
  }
}