{
  "correlations": {
    "total_oi": 0.2135381015032922,
    "call_oi": -0.06943237856742271,
    "put_oi": 0.42955823670687765,
    "pc_ratio": 0.562396723448026,
    "near_oi": 0.1696392572709598
  },
  "echo_pc_ratio": {
    "echo_mean": 1.6485111105329187,
    "non_echo_mean": 0.5571053215177507
  },
  "oi_snapshots": 424,
  "aligned_days": 231
}