{
  "hilbert": {
    "phase_velocity_rad_per_bd": 0.009899315683001201,
    "implied_period_bd": 634.7090554924799,
    "current_phase_rad": 58.119468852052165,
    "current_phase_deg": 90.00027276463665,
    "current_date": "2026-01-30"
  },
  "projections": {
    "Jul 24, 2026": {
      "bd_forward": 125,
      "phase_deg": 160.89889885259092,
      "regime": "DESTRUCTIVE"
    },
    "Jul 31, 2026": {
      "bd_forward": 130,
      "phase_deg": 163.7348438961093,
      "regime": "DESTRUCTIVE"
    },
    "Aug 15, 2026": {
      "bd_forward": 141,
      "phase_deg": 169.97392299184926,
      "regime": "DESTRUCTIVE"
    },
    "Sep 1, 2026": {
      "bd_forward": 152,
      "phase_deg": 176.21300208758922,
      "regime": "DESTRUCTIVE"
    }
  },
  "odi": {
    "GME": {
      "a33": 32.82212785651888,
      "a35": 9.864487312017134,
      "a577": 50.238693132215346,
      "kappa": 1.1769191099800742,
      "excess": 17.69191099800743,
      "regime": "SOFT CLIP"
    },
    "AMC": {
      "a33": 18.600251220917325,
      "a35": 15.63167900258808,
      "a577": 123.69967645067243,
      "kappa": 3.6135758528081445,
      "excess": 261.3575852808145,
      "regime": "HARD CLIP"
    },
    "KOSS": {
      "a33": 5.835985713197925,
      "a35": 6.724504306325096,
      "a577": 36.845626940735045,
      "kappa": 2.9334545772868057,
      "excess": 193.34545772868054,
      "regime": "HEAVY CLIP"
    },
    "BBBY": {
      "a33": 4.217733102162248,
      "a35": 4.981020801785856,
      "a577": 165.0954044857474,
      "kappa": 17.947583575954614,
      "excess": 1694.7583575954613,
      "regime": "HARD CLIP"
    },
    "XRT": {
      "a33": 1.3368632637740494,
      "a35": 1.7633299763639774,
      "a577": 12.357312049366811,
      "kappa": 3.985981225098291,
      "excess": 298.59812250982907,
      "regime": "HARD CLIP"
    },
    "TSLA": {
      "a33": 7.913202419784466,
      "a35": 5.817708034967161,
      "a577": 27.622461168556093,
      "kappa": 2.011699170246737,
      "excess": 101.16991702467371,
      "regime": "HEAVY CLIP"
    },
    "BB": {
      "a33": 6.682069762098173,
      "a35": 6.3725927631697274,
      "a577": 16.238285671780062,
      "kappa": 1.2438686668728596,
      "excess": 24.38686668728596,
      "regime": "SOFT CLIP"
    },
    "NOK": {
      "a33": 2.7047419615353294,
      "a35": 2.8589123706141524,
      "a577": 5.341105615070664,
      "kappa": 0.9599995427838096,
      "excess": -4.000045721619035,
      "regime": "LINEAR"
    },
    "IJH": {
      "a33": 1.9401210743332675,
      "a35": 0.6130845462571352,
      "a577": 3.706773234802519,
      "kappa": 1.4518114815779566,
      "excess": 45.18114815779566,
      "regime": "SOFT CLIP"
    },
    "SPY": {
      "a33": 6.6221945515009,
      "a35": 4.651972701625229,
      "a577": 8.703596682466303,
      "kappa": 0.7719946393426926,
      "excess": -22.800536065730732,
      "regime": "LINEAR"
    },
    "IWM": {
      "a33": 3.1344755707829934,
      "a35": 2.9809753976230184,
      "a577": 4.873862367108719,
      "kappa": 0.7969751359774352,
      "excess": -20.30248640225648,
      "regime": "LINEAR"
    },
    "NVDA": {
      "a33": 1.5795731897285892,
      "a35": 1.5333522573837282,
      "a577": 1.6709923220613643,
      "kappa": 0.5367916291125597,
      "excess": -46.32083708874403,
      "regime": "LINEAR"
    },
    "PLTR": {
      "a33": 5.451911817017547,
      "a35": 4.209372295331071,
      "a577": 9.265975541121435,
      "kappa": 0.9590832267605176,
      "excess": -4.091677323948245,
      "regime": "LINEAR"
    },
    "AMZN": {
      "a33": 2.0973758745760267,
      "a35": 3.0663834476098257,
      "a577": 3.9522647271662623,
      "kappa": 0.7653851546073305,
      "excess": -23.46148453926695,
      "regime": "LINEAR"
    },
    "AAPL": {
      "a33": 0.6969860253265903,
      "a35": 0.9811129280516502,
      "a577": 5.807094367743016,
      "kappa": 3.460519629103247,
      "excess": 246.0519629103247,
      "regime": "HARD CLIP"
    },
    "MSFT": {
      "a33": 3.496907562197468,
      "a35": 4.430173030148744,
      "a577": 3.529904691459293,
      "kappa": 0.44529693502391055,
      "excess": -55.470306497608945,
      "regime": "LINEAR"
    }
  },
  "spectra": {
    "GME": {
      "33": {
        "power": 2287562961956327.0,
        "ratio": 32.82212785651888
      },
      "34": {
        "power": 587809339936201.8,
        "ratio": 8.43393324314993
      },
      "35": {
        "power": 687512884975149.6,
        "ratio": 9.864487312017134
      },
      "70": {
        "power": 426547355220682.8,
        "ratio": 6.12013398658118
      },
      "105": {
        "power": 1443817700692633.5,
        "ratio": 20.716006493264537
      },
      "140": {
        "power": 1007024956141971.4,
        "ratio": 14.448870879134356
      },
      "193": {
        "power": 1538765106613154.5,
        "ratio": 22.078319115297468
      },
      "289": {
        "power": 723688392427955.8,
        "ratio": 10.383536252149923
      },
      "577": {
        "power": 3501423617893809.0,
        "ratio": 50.238693132215346
      },
      "1190": {
        "power": 6429928374439222.0,
        "ratio": 92.25710274379408
      }
    },
    "AMC": {
      "33": {
        "power": 7.402318010700925e+16,
        "ratio": 18.600251220917325
      },
      "34": {
        "power": 7.916607135806134e+16,
        "ratio": 19.892536544692128
      },
      "35": {
        "power": 6.2209191501794456e+16,
        "ratio": 15.63167900258808
      },
      "70": {
        "power": 2.7510906099386024e+16,
        "ratio": 6.91283141340199
      },
      "105": {
        "power": 1.6084226877930435e+17,
        "ratio": 40.415807614756666
      },
      "140": {
        "power": 1.812405435798521e+17,
        "ratio": 45.54140523451589
      },
      "193": {
        "power": 1.396435347147935e+17,
        "ratio": 35.08907376469362
      },
      "289": {
        "power": 1.9884845349587542e+17,
        "ratio": 49.96585102892595
      },
      "577": {
        "power": 4.9228600841635885e+17,
        "ratio": 123.69967645067243
      },
      "1190": {
        "power": 0,
        "ratio": 0
      }
    },
    "KOSS": {
      "33": {
        "power": 1910792504860.0383,
        "ratio": 5.835985713197925
      },
      "34": {
        "power": 1801989626053.2578,
        "ratio": 5.50367749833098
      },
      "35": {
        "power": 2201707313704.8774,
        "ratio": 6.724504306325096
      },
      "70": {
        "power": 845623063863.0942,
        "ratio": 2.5827210997026366
      },
      "105": {
        "power": 1377356886583.5942,
        "ratio": 4.206754575199369
      },
      "140": {
        "power": 2423459067321.87,
        "ratio": 7.40178353088441
      },
      "193": {
        "power": 5753612084861.283,
        "ratio": 17.57281224472507
      },
      "289": {
        "power": 9134671476079.941,
        "ratio": 27.899320357164562
      },
      "577": {
        "power": 12063831416860.41,
        "ratio": 36.845626940735045
      },
      "1190": {
        "power": 0,
        "ratio": 0
      }
    },
    "BBBY": {
      "33": {
        "power": 1792987279511981.0,
        "ratio": 4.217733102162248
      },
      "34": {
        "power": 2020511020235068.8,
        "ratio": 4.7529485070572255
      },
      "35": {
        "power": 2117466117523681.2,
        "ratio": 4.981020801785856
      },
      "70": {
        "power": 4444557914608815.0,
        "ratio": 10.455154509531784
      },
      "105": {
        "power": 1.6856670400915344e+16,
        "ratio": 39.652783683736196
      },
      "140": {
        "power": 3.687098532317188e+16,
        "ratio": 86.73345153302373
      },
      "193": {
        "power": 4.389767418909899e+16,
        "ratio": 103.26268103011323
      },
      "289": {
        "power": 5.604386365006006e+16,
        "ratio": 131.8347662534805
      },
      "577": {
        "power": 7.018318916317318e+16,