{
  "part_a_echo_vs_nonecho": {
    "Deep OTM (<30%)": {
      "echo": 123030.824,
      "non_echo": 82052.79166666667,
      "ratio": 1.4994105806881441
    },
    "Far OTM (30-50%)": {
      "echo": 29249.944,
      "non_echo": 10743.047297297297,
      "ratio": 2.722685955907372
    },
    "OTM (50-80%)": {
      "echo": 30795.7,
      "non_echo": 18730.608671171172,
      "ratio": 1.6441377074626817
    },
    "ATM (80-120%)": {
      "echo": 33736.408,
      "non_echo": 27054.86261261261,
      "ratio": 1.2469628282005227
    },
    "Total Put OI": {
      "echo": 366318.424,
      "non_echo": 184506.38851351352,
      "ratio": 1.9853969662040742
    },
    "Deep OTM % of Total": {
      "echo": 0.1839882504684533,
      "non_echo": 0.3411982234689708,
      "ratio": 0.5392415253451212
    },
    "Near-expiry Deep OTM": {
      "echo": 32695.54,
      "non_echo": 16394.60304054054,
      "ratio": 1.9942867734674965
    },
    "deep_otm_p": 0.8742506271028891
  },
  "part_b_top_strikes": {
    "$0.5": {
      "total_oi": 57944216,
      "echo_oi": 9639811,
      "non_echo_oi": 48304405
    },
    "$1.0": {
      "total_oi": 17717158,
      "echo_oi": 5384636,
      "non_echo_oi": 12332522
    },
    "$0.2": {
      "total_oi": 15160949,
      "echo_oi": 1122530,
      "non_echo_oi": 14038419
    },
    "$5.0": {
      "total_oi": 14740633,
      "echo_oi": 2424585,
      "non_echo_oi": 12316048
    },
    "$2.0": {
      "total_oi": 13308789,
      "echo_oi": 2410991,
      "non_echo_oi": 10897798
    },
    "$3.0": {
      "total_oi": 10618969,
      "echo_oi": 2394756,
      "non_echo_oi": 8224213
    },
    "$2.5": {
      "total_oi": 8655000,
      "echo_oi": 865793,
      "non_echo_oi": 7789207
    },
    "$10.0": {
      "total_oi": 8011521,
      "echo_oi": 1398253,
      "non_echo_oi": 6613268
    },
    "$0.8": {
      "total_oi": 4827459,
      "echo_oi": 359283,
      "non_echo_oi": 4468176
    },
    "$4.0": {
      "total_oi": 2930656,
      "echo_oi": 678734,
      "non_echo_oi": 2251922
    },
    "$1.2": {
      "total_oi": 2916030,
      "echo_oi": 219219,
      "non_echo_oi": 2696811
    },
    "$3.8": {
      "total_oi": 2893020,
      "echo_oi": 220041,
      "non_echo_oi": 2672979
    },
    "$7.0": {
      "total_oi": 2404389,
      "echo_oi": 329238,
      "non_echo_oi": 2075151
    },
    "$6.0": {
      "total_oi": 2192112,
      "echo_oi": 592663,
      "non_echo_oi": 1599449
    },
    "$1.5": {
      "total_oi": 1774258,
      "echo_oi": 475714,
      "non_echo_oi": 1298544
    }
  },
  "part_c_buildup": {
    "events": 121,
    "buildup_rate": 0.3305785123966942,
    "avg_change": 73.00349002539457
  },
  "part_d_phantom": {
    "total_events": 1064,
    "in_echo": 163
  },
  "part_e_dte_profile": {
    "<7d": {
      "echo": 5877.7855421686745,
      "non_echo": 4454.301804604854,
      "ratio": 1.3195750535116917
    },
    "7-14d": {
      "echo": 6549.562326869806,
      "non_echo": 4658.126886145405,
      "ratio": 1.4060506480298056
    },
    "14-30d": {
      "echo": 5023.276729559749,
      "non_echo": 4987.51728768043,
      "ratio": 1.0071697880562034
    },
    "30-60d": {
      "echo": 7042.88730385164,
      "non_echo": 6508.909142857143,
      "ratio": 1.0820380419014581
    },
    "60-90d": {
      "echo": 4789.153846153846,
      "non_echo": 8263.617522374,
      "ratio": 0.5795468913205463
    },
    "90-180d": {
      "echo": 9870.665873959571,
      "non_echo": 8226.276128762542,
      "ratio": 1.199894790724025
    },
    "180-365d": {
      "echo": 7539.920598388952,
      "non_echo": 6040.76815257353,
      "ratio": 1.248172485344723
    },
    ">365d": {
      "echo": 3943.595567867036,
      "non_echo": 3419.0787275064267,
      "ratio": 1.1534088221312018
    }
  }
}