Pair,0-Lag Matches,Background Avg,Z-Score,Result
GMEâ†”AMC,1951389,1941277.6666666667,1.0290245763811454,đź›‘ NOISE
GMEâ†”KOSS,168529,162712.16666666666,1.034369732972146,đź›‘ NOISE
KOSSâ†”AMC,134183,133998.16666666666,0.2861717846742134,đź›‘ NOISE
GMEâ†”BBBY,504050,454897.5,8.320466385465688,đź”Ą HIGHLY SIGNIFICANT (Z>5)
AMCâ†”BBBY,843349,824439.5,3.9080955710285714,âś… SIGNIFICANT (Z>3)
KOSSâ†”BBBY,29962,29420.333333333332,0.5568133102744234,đź›‘ NOISE
GMEâ†”AAPL,787430,762627.6666666666,5.0941445405668295,đź”Ą HIGHLY SIGNIFICANT (Z>5)
GMEâ†”SPY,470002,443272.8333333333,4.8489324427279055,âś… SIGNIFICANT (Z>3)
