Pair,0-Lag Matches,Background Avg,Z-Score,Result
GMEâ†”AMC,591151,576991.75,1.8381182329600962,đź›‘ NOISE
GMEâ†”KOSS,23722,21861.0,2.7302722340189187,đź›‘ NOISE
KOSSâ†”AMC,38290,37494.0,0.8426977960337012,đź›‘ NOISE
GMEâ†”BBBY,86817,66282.375,17.699786999404015,đź”Ą HIGHLY SIGNIFICANT (Z>5)
AMCâ†”BBBY,121298,117401.375,2.625274898841457,đź›‘ NOISE
KOSSâ†”BBBY,4556,4228.125,1.661295903530077,đź›‘ NOISE
GMEâ†”AAPL,113191,108174.25,3.2672707447156832,âś… SIGNIFICANT (Z>3)
GMEâ†”SPY,70841,63918.25,4.994416925614066,âś… SIGNIFICANT (Z>3)
